port,sample_index_start,ts_start,ts_end,duration_ms,duration_samples,peak_db,noise_db,phase_jumps,dphase,dfreq,inter_ms
0,0,1761234037.159665,1761234037.162217,2.55,468,-47.12,-115.25,3.323,0
0,0,1761234037.181673,1761234037.18423,2.56,468,-47.18,-116.16,3.323,22.01
0,0,1761234037.279478,1761234037.282019,2.54,466,-47.17,-115.77,3.323,97.8
0,0,1761234037.333266,1761234037.335813,2.55,466,-47.03,-115.96,3.329,53.79
0,0,1761234046.134743,1761234046.137243,2.5,456,-48.22,-115.64,3.772,8801.48
0,0,1761234046.293511,1761234046.296026,2.52,460,-48.35,-115.54,3.776,158.77
0,0,1761234046.450131,1761234046.452636,2.51,458,-48.23,-115.59,3.783,156.62
0,0,1761234046.484274,1761234046.486847,2.57,458,-48.21,-115.59,3.784,34.14
