port,sample_index_start,ts_start,ts_end,duration_ms,duration_samples,peak_db,noise_db,phase_jumps,dphase,dfreq,pulse_overlap,inter_ms
0,5,1761578576.895882,1761578576.903215,7.33,202,33.57,-44.28,0.634,0
0,2,1761578596.617882,1761578596.621069,3.19,121,27.3,-47.5,0.117,19722.0
0,6,1761578596.63984,1761578596.643215,3.38,121,27.4,-47.5,0.15,21.96
0,9,1761578596.737423,1761578596.740757,3.33,121,27.31,-47.59,0.15,97.58
0,11,1761578596.791111,1761578596.794444,3.33,120,27.44,-47.67,0.15,53.69
